sp|C0HK69|SCXD_CENLI Beta-toxin Cl13 OS=Centruroides limpidus OX=6876 PE=1 SV=2	KEGYLVDYHTGCKYTCAKLGDNDYCVRECRLRYYQSAHGYCYAFACWCTHLYEQAVVWPLPNKRCKGK	0	0_Toxins.FASTA
sp|P01492|SCX1_CENSC Toxin CsEv1 OS=Centruroides sculpturatus OX=218467 PE=1 SV=3	MNSLLIITACFALVGTVWAKEGYLVKKSDGCKYDCFWLGKNEHCDTECKAKNQGGSYGYCYAFACWCEGLPESTPTYPLPNKSCGKK	0	0_Toxins.FASTA
sp|P81694|TXC1_CUPSA Toxin CSTX-1 OS=Cupiennius salei OX=6928 PE=1 SV=2	MKVLIISAVLFITIFSNISAEIEDDFLEDESFEAEDIIPFFENEQARSCIPKHEECTNDKHNCCRKGLFKLKCQCSTFDDESGQPTERCACGRPMGHQAIETGLNIFRGLFKGKKKNKKTKG	0	0_Toxins.FASTA
sp|P83655|KKX13_HETSP Potassium channel toxin kappa-KTx 1.3 OS=Heterometrus spinifer OX=118530 PE=1 SV=1	GFGCYRSCWKAGHDEETCKKECS	0	0_Toxins.FASTA
sp|Q90YA6|VM2E2_PROEL Zinc metalloproteinase/disintegrin OS=Protobothrops elegans OX=88086 PE=1 SV=1	MIQVLLVTICLAVFPYQGSSIILESGNVDDYEVVYPRKVTALPKGAVQPKYEDAMQYEFKVNGEAVVLHLEKNKGLFSEDYSETHYSPDGREITTYPSVEDHCYYHGRIHNDADSTASISACDGLKGYFKLQGETYLIEPLELSDSEAHAVFKYENVEKEDEAPKMCGVTQNWESDESIKKASQLYLTPEQQRFPQRYIKLAIVVDHGMYTKYSSNFKKIRKRVHQMVSNINEMCRPLNIAITLALLDVWSEKDFITVQADAPTTAGLFGDWRERVLLKKKNHDHAQLLTDTNFARNTIGWAYLGRMCDEKYSVGVVQDHSSKVFMVAVTMTHELGHNLGMEHDDKDKCKCEACIMSAVISDKQSKLFSDCSKDYYQTFLTNDNPQCILNAPLRTDTVSTPVSGNEFLEAGEECDCGSPENPCCDAATCKLRPGAQCADGLCCDQCRFIEEGIICRRARGDDLDDYCNGISGDCPRNPFHA	0	0_Toxins.FASTA
sp|Q9UAD0|CTXL_OLIMR Chlorotoxin-like BmK CT OS=Olivierus martensii OX=34649 PE=1 SV=1	MKFLYGIVFIALFLTVMFATQTDGCGPCFTTDANMARKCRECCGGIGKCFGPQCLCNRI	0	0_Toxins.FASTA
sp|C0HKB2|KA241_PANIM Potassium channel toxin alpha-KTx 24.1 OS=Pandinus imperator OX=55084 PE=1 SV=1	VAKCSTSECGHACQQAGCRNSGCRYGSCICVGC	0	0_Toxins.FASTA
sp|P0DRB0|SCX1_CENTE Ct-IT1 OS=Centruroides tecomanus OX=1028682 PE=1 SV=1	KDGYPMNSEGCKISCVIGNTFCDTECKMLKASSGYCWTLGLACYCEGLPENVEVWDKATNKCG	0	0_Toxins.FASTA
sp|P0DV31|TX2_ACAPA Omega toxin Ap2 OS=Acanthoscurria paulensis OX=1264770 PE=1 SV=1	MNTTQVILFAVVLVLTVTVGQADEDSAETSLLRKLEEAEASMFGQYLEESKNSPEQRCAGENVPCDKDRPGDCCSRYECLKPTGYGWWYASYYCYKKKSG	0	0_Toxins.FASTA
sp|P0DV32|TX35_ACAPA Omega toxin Ap5 OS=Acanthoscurria paulensis OX=1264770 PE=1 SV=1	MNTIQVILFAVVLVLTVTVGQADEDSAETSLLRKLEEAEASMFGQYLEESKNSREKRCAVENVPCDKDRPGCCREYECLKPTGYGWWYGSYYCYKKKERLIST	0	0_Toxins.FASTA
sp|P18329|3SOA1_DENAN Toxin C13S1C1 OS=Dendroaspis angusticeps OX=8618 PE=1 SV=1	MKTLLLTLLVVTIVCLDLAHTRICYSHKLLQAKTTKTCEENSCYKRSLPKIPLIIIGRGCGCPLTLPFLRIKCCTSDKCN	0	0_Toxins.FASTA
sp|Q3LI60|KR203_HUMAN Keratin-associated protein 20-3 OS=Homo sapiens OX=9606 GN=KRTAP20-3 PE=3 SV=1	MSYYGNYYGGLGYGYDCKYSYTSGFGAFRILDCGYRCGCGGVWI	0	0_Toxins.FASTA
sp|Q3LI62|KR204_HUMAN Putative keratin-associated protein 20-4 OS=Homo sapiens OX=9606 GN=KRTAP20-4 PE=3 SV=1	MSYYSHLSGGLGCGLAVAVTMGRTVAVAEYGRCRHGCHSSYSAR	0	0_Toxins.FASTA
tr|A0A091E5I5|A0A091E5I5_CORBR Keratin (Fragment) OS=Corvus brachyrhynchos OX=85066 GN=N302_09464 PE=3 SV=1	CGPTPLANSCNEPCVRQCQDSTVVIQPSPVVVTLPGPILSSFPQNTPVGSS	0	0_Toxins.FASTA
tr|A0A091GM29|A0A091GM29_CUCCA Keratin (Fragment) OS=Cuculus canorus OX=55661 GN=N303_08833 PE=3 SV=1	CQPCGPTPLANSCNEPCTLQCQDSRVVIQPSPVVVTLPGPILSSF	0	0_Toxins.FASTA
tr|A0A091IJB1|A0A091IJB1_CALAN Keratin (Fragment) OS=Calypte anna OX=9244 GN=N300_14415 PE=3 SV=1	LCGVAVPQPVAESCNEPCVRQCPDSKVVIYPPPVVVTFPGPILSTFPQQSV	0	0_Toxins.FASTA
tr|A0A091JBI1|A0A091JBI1_EGRGA Keratin (Fragment) OS=Egretta garzetta OX=188379 GN=Z169_08540 PE=3 SV=1	LCGVATPQPIADSCNEPCVRQCPDSQVVIYPPPVVVTFPGPILSTFPQQSV	0	0_Toxins.FASTA
tr|A0A091WRQ5|A0A091WRQ5_NIPNI Keratin (Fragment) OS=Nipponia nippon OX=128390 GN=Y956_08535 PE=3 SV=1	LCGVAVPQPIADSCNEPCVRQCPDSRVVIYPPPVVVTIPGPILSTYPQQSV	0	0_Toxins.FASTA
tr|A0A0D9SBI0|A0A0D9SBI0_CHLSB Keratin associated protein 19-2 OS=Chlorocebus sabaeus OX=60711 GN=KRTAP19-2 PE=4 SV=1	MGYGYSCGCGSFHRLGYGCGYEDRRYGCGYRGYADGCCCPSCYRGYRFTSFY	0	0_Toxins.FASTA
tr|A0A1L2C873|A0A1L2C873_SHEEP Keratin 5 (Fragment) OS=Ovis aries OX=9940 GN=KRT5 PE=4 SV=1	YEDEINKRTTAENEFVMLKKDVDAAYMNKVELEAKVDALMDEINFMKMFFDA	0	0_Toxins.FASTA
tr|A0A2I2YUE6|A0A2I2YUE6_GORGO Keratin associated protein 19-2 OS=Gorilla gorilla gorilla OX=9595 GN=KRTAP19-2 PE=4 SV=1	MCYGYSCGCGSFCRLGYGCGYEGCRYGCGHRGYGDGCCCPSCYRRYRFTGFY	0	0_Toxins.FASTA
tr|A0A2K5LIL2|A0A2K5LIL2_CERAT Keratin-associated protein OS=Cercocebus atys OX=9531 PE=3 SV=1	MSYNYCSGNFSSSSCGGYLRYPGYSCGYSYHSNLHLPAGFLSFSGDLLGHP	0	0_Toxins.FASTA
tr|A0A2K6GNZ9|A0A2K6GNZ9_PROCO Keratin associated protein 19-7 OS=Propithecus coquereli OX=379532 GN=KRTAP19-7 PE=4 SV=1	MSYYGSYYGGLGYGYGCGCGFRRLGYGCGYGGYGYGCYRPSCYGGYWSSGFY	0	0_Toxins.FASTA
tr|A0A2K6K383|A0A2K6K383_RHIBE Keratin-associated protein OS=Rhinopithecus bieti OX=61621 PE=3 SV=1	MSYNCCSGNFSSRSFGGYLRYPASSCGFSYPSNLHLPAGFLSLQGLSGDLLG	0	0_Toxins.FASTA
tr|A0A2P4S3T8|A0A2P4S3T8_BAMTH Keratin (Fragment) OS=Bambusicola thoracicus OX=9083 GN=CIB84_017469 PE=3 SV=1	ILSSFPQNTAVGSSTSAAVGSILSCEGVPITSGGLDLSCISNRYCGRRCNPC	0	0_Toxins.FASTA
tr|A0A3R5SUW0|A0A3R5SUW0_SHEEP Keratin 31 (Fragment) OS=Ovis aries OX=9940 GN=KRT31 PE=4 SV=1	YETELGLRQLVESDINGLRRILDELTLCKSDLEAQVESLKEELICLKSNHEE	0	0_Toxins.FASTA
sp|Q3LI60|KR203_HUMAN Keratin-associated protein 20-3 OS=Homo sapiens OX=9606 GN=KRTAP20-3 PE=3 SV=1	MSYYGNYYGGLGYGYDCKYSYTSGFGAFRILDCGYRCGCGGVWI	0	0_keratin.FASTA
sp|Q3LI62|KR204_HUMAN Putative keratin-associated protein 20-4 OS=Homo sapiens OX=9606 GN=KRTAP20-4 PE=3 SV=1	MSYYSHLSGGLGCGLAVAVTMGRTVAVAEYGRCRHGCHSSYSAR	0	0_keratin.FASTA
tr|A0A091GM29|A0A091GM29_CUCCA Keratin (Fragment) OS=Cuculus canorus OX=55661 GN=N303_08833 PE=3 SV=1	CQPCGPTPLANSCNEPCTLQCQDSRVVIQPSPVVVTLPGPILSSF	0	0_keratin.FASTA
tr|A0A091E5I5|A0A091E5I5_CORBR Keratin (Fragment) OS=Corvus brachyrhynchos OX=85066 GN=N302_09464 PE=3 SV=1	CGPTPLANSCNEPCVRQCQDSTVVIQPSPVVVTLPGPILSSFPQNTPVGSS	0	0_keratin.FASTA
tr|A0A091IJB1|A0A091IJB1_CALAN Keratin (Fragment) OS=Calypte anna OX=9244 GN=N300_14415 PE=3 SV=1	LCGVAVPQPVAESCNEPCVRQCPDSKVVIYPPPVVVTFPGPILSTFPQQSV	0	0_keratin.FASTA
tr|A0A091JBI1|A0A091JBI1_EGRGA Keratin (Fragment) OS=Egretta garzetta OX=188379 GN=Z169_08540 PE=3 SV=1	LCGVATPQPIADSCNEPCVRQCPDSQVVIYPPPVVVTFPGPILSTFPQQSV	0	0_keratin.FASTA
tr|A0A091WRQ5|A0A091WRQ5_NIPNI Keratin (Fragment) OS=Nipponia nippon OX=128390 GN=Y956_08535 PE=3 SV=1	LCGVAVPQPIADSCNEPCVRQCPDSRVVIYPPPVVVTIPGPILSTYPQQSV	0	0_keratin.FASTA
tr|A0A2K5LIL2|A0A2K5LIL2_CERAT Keratin-associated protein OS=Cercocebus atys OX=9531 PE=3 SV=1	MSYNYCSGNFSSSSCGGYLRYPGYSCGYSYHSNLHLPAGFLSFSGDLLGHP	0	0_keratin.FASTA
tr|A0A0D9SBI0|A0A0D9SBI0_CHLSB Keratin associated protein 19-2 OS=Chlorocebus sabaeus OX=60711 GN=KRTAP19-2 PE=4 SV=1	MGYGYSCGCGSFHRLGYGCGYEDRRYGCGYRGYADGCCCPSCYRGYRFTSFY	0	0_keratin.FASTA
tr|A0A1L2C873|A0A1L2C873_SHEEP Keratin 5 (Fragment) OS=Ovis aries OX=9940 GN=KRT5 PE=4 SV=1	YEDEINKRTTAENEFVMLKKDVDAAYMNKVELEAKVDALMDEINFMKMFFDA	0	0_keratin.FASTA
tr|A0A2I2YUE6|A0A2I2YUE6_GORGO Keratin associated protein 19-2 OS=Gorilla gorilla gorilla OX=9595 GN=KRTAP19-2 PE=4 SV=1	MCYGYSCGCGSFCRLGYGCGYEGCRYGCGHRGYGDGCCCPSCYRRYRFTGFY	0	0_keratin.FASTA
tr|A0A2K6GNZ9|A0A2K6GNZ9_PROCO Keratin associated protein 19-7 OS=Propithecus coquereli OX=379532 GN=KRTAP19-7 PE=4 SV=1	MSYYGSYYGGLGYGYGCGCGFRRLGYGCGYGGYGYGCYRPSCYGGYWSSGFY	0	0_keratin.FASTA
tr|A0A2K6K383|A0A2K6K383_RHIBE Keratin-associated protein OS=Rhinopithecus bieti OX=61621 PE=3 SV=1	MSYNCCSGNFSSRSFGGYLRYPASSCGFSYPSNLHLPAGFLSLQGLSGDLLG	0	0_keratin.FASTA
tr|A0A2P4S3T8|A0A2P4S3T8_BAMTH Keratin (Fragment) OS=Bambusicola thoracicus OX=9083 GN=CIB84_017469 PE=3 SV=1	ILSSFPQNTAVGSSTSAAVGSILSCEGVPITSGGLDLSCISNRYCGRRCNPC	0	0_keratin.FASTA
tr|A0A3R5SUW0|A0A3R5SUW0_SHEEP Keratin 31 (Fragment) OS=Ovis aries OX=9940 GN=KRT31 PE=4 SV=1	YETELGLRQLVESDINGLRRILDELTLCKSDLEAQVESLKEELICLKSNHEE	0	0_keratin.FASTA
sp|P83278|FAR5_MACRS FMRFamide-like neuropeptide FLP5 OS=Macrobrachium rosenbergii OX=79674 PE=1 SV=1	DRTPALRLRF	0	0_nueropeptides.FASTA
sp|P86581|TRP6_ONCFA Tachykinin-related peptide 6 OS=Oncopeltus fasciatus OX=7536 PE=1 SV=1	APSMGFMGMR	0	0_nueropeptides.FASTA
tr|M3XTT0|M3XTT0_MUSPF Neuropeptide S OS=Mustela putorius furo OX=9669 GN=NPS PE=4 SV=1	MHMFWCYPVTPSKVSGKSDYFLILLNSCPTRMDRREGLDFLKPIFEKTFMKRSFRNGVGTGMKKTSFR	0	0_nueropeptides.FASTA
tr|A0A4D6BMX9|A0A4D6BMX9_NEPNO Phoenixin OS=Nephrops norvegicus OX=6829 PE=2 SV=1	MTILRGWRYGLFVGGLVGFISAALYPIVIYPMMNVDNYKNIQAVTRKGINQEDVQPGNMKVWSDPFGRKS	0	0_nueropeptides.FASTA
tr|Q8SQ29|Q8SQ29_SHEEP Somatostatin type 2 receptor (Fragment) OS=Ovis aries OX=9940 PE=2 SV=1	RKKSEKKVTRMVSIVVAVFIFCWLPFYIFNVSSVSVAISPTPALKGMFDFVVVLTYANSCANPILYAFLS	0	0_nueropeptides.FASTA
tr|A0A0R3STV1|A0A0R3STV1_HYMDI FMRFamide-related neuropeptides OS=Hymenolepis diminuta OX=6216 GN=HDID_LOCUS8863 PE=4 SV=1	MKSSWLLFVATAMLVLVNQTVQATRISPEEEAAIEEMYDFDGSEAPFYIDRRGFLTSSRLGRRKKGFLTAGRLGR	0	0_nueropeptides.FASTA
tr|U3U7C6|U3U7C6_NILLU Eclosion hormone OS=Nilaparvata lugens OX=108931 GN=eh1 PE=2 SV=1	MASKLLLAGLLLLVVALAVVEGNNIGVCIRNCAQCKKMFGAYFEGQLCADACVKFKGKLLPDCEDVASIAPFLNKLE	0	0_nueropeptides.FASTA
tr|A0A0S2YRA5|A0A0S2YRA5_SCYPA SIFamide OS=Scylla paramamosain OX=85552 PE=2 SV=1	MSMQMRVVVAVAVVVVVLALLSSPVSAGYRKPPFNGSIFGKRSGSDAVYEPGKSQALASVCQVALEACTLWFPGAEKK	0	0_nueropeptides.FASTA
tr|A0A1I7XNW5|A0A1I7XNW5_HETBA FMRFamide-related neuropeptides-like OS=Heterorhabditis bacteriophora OX=37862 PE=4 SV=1	MNVSTIFQAFLFILTVLLVNTTVEQEYEELYPYVDVPSDFIKRSDWFSEGRTFKGLRGLRGKRMPYMNLKGLRGKRTV	0	0_nueropeptides.FASTA
tr|A0A8B9GGJ0|A0A8B9GGJ0_9PSIT Neuropeptide S OS=Amazona collaria OX=241587 PE=4 SV=1	RKLLPQISAFSNPFYLNCQLYGKSDYCLVLLNNCLAKVGRREEAAALKPYLEMPFNKRSFRNGVGSGIKKTSSRRAKS	0	0_nueropeptides.FASTA
tr|I2HB76|I2HB76_HARSA Diuretic hormone-like protein (Fragment) OS=Harpegnathos saltator OX=610380 PE=2 SV=1	HESYWDQQDDIDRDEFLEILSRLSRTVMSHPEMESTKRGLDLGLSRGFSGSQSAKHMMGLAAANYAGGPGRRRRSEQA	0	0_nueropeptides.FASTA
tr|A0A2U8JAH8|A0A2U8JAH8_CHEQU Pigment dispersing hormone 1 OS=Cherax quadricarinatus OX=27406 GN=PDH1 PE=2 SV=1	MRSATMLALLVAVIMSAAISEAQELKYPEREVVAELAAQILRVVHGPWSTVVPGPHKRNSELINSILGLPKVMNDAGRR	0	0_nueropeptides.FASTA
tr|A0A2U8JAI3|A0A2U8JAI3_CHEQU Pigment dispersing hormone 2 OS=Cherax quadricarinatus OX=27406 GN=PDH2 PE=2 SV=1	MRGVVVVVVLVMVGMLSILTQAEGLKSQEREVVAELAAYILRVVHGPLNLYADLPSKRNSEILNTLLGSPTLMSEVGKR	0	0_nueropeptides.FASTA
tr|A0A2U8JAI4|A0A2U8JAI4_CHEQU Pigment dispersing hormone 3 OS=Cherax quadricarinatus OX=27406 GN=PDH3 PE=2 SV=1	MHSSVMVVVLMMLVMATVFTQAQDLKYPERQVVTELAAQIMRVAQGPWSTSLDLPTKRNSGLINSLLGIPKVMNDAGRR	0	0_nueropeptides.FASTA
tr|I2HB40|I2HB40_CAMFO Diuretic hormone-like protein (Fragment) OS=Camponotus floridanus OX=104421 PE=2 SV=1	SHESYWDQQDDIDRDEFLELLSRLSRTVMNRPEMENSKRGLDLGLSRGFSGSQAAKHLMGLAAANYAGGPGRRRRSEQA	0	0_nueropeptides.FASTA
tr|I2HB41|I2HB41_ATTCE Diuretic hormone-like protein (Fragment) OS=Atta cephalotes OX=12957 PE=2 SV=1	SHESYWDQQDDIDRDEFLEILSRLSRFNRPEMEVRSTKRGLDLGLNRGYSGSQAAKHMMGLAAANYAGGPGRRRRSEQA	0	0_nueropeptides.FASTA
tr|A0A1X9WEE2|A0A1X9WEE2_DERRE Ffamide 2 OS=Deroceras reticulatum OX=145610 PE=2 SV=1	MKFSHFFAAIFLVIAMFATGSRVTARDIKDYVGQQPLLFGRRGLNPNMNSLFFGKRGVIDSGVSLRELKNACAMLMTYGA	0	0_nueropeptides.FASTA
tr|A0A345BEE9|A0A345BEE9_LAOST Proctolin OS=Laodelphax striatellus OX=195883 PE=2 SV=1	MGLRAVLMLAVAAALVLGALITADARYLPTRRSQDDRLDRLRELLKDLLESEDHSEYDRRLFYKREMQPPLSIEQLYRQN	0	0_nueropeptides.FASTA
sp|P09655|ISK1_RAT Serine protease inhibitor Kazal-type 1 OS=Rattus norvegicus OX=10116 GN=Spink1 PE=1 SV=2	MKVAIIFLLSALALLSLAGNPPAEVNGKTPNCPKQIMGCPRIYDPVCGTNGITYPSECSLCFENRKFGTSIHIQRRGTC	0	0_trypt.FASTA
sp|P0DL27|VSP41_BOTPI Thrombin-like enzyme BpirSP41 (Fragment) OS=Bothrops pirajai OX=113192 PE=1 SV=1	VVGGDECDINEHPFLAFLYSHGYFCGLTLINQEWVLTAAHCDRRFMRIYL	0	0_trypt.FASTA
sp|P00979|VKTH1_DENPO Kunitz-type serine protease inhibitor homolog dendrotoxin I OS=Dendroaspis polylepis polylepis OX=8620 PE=1 SV=2	QPLRKLCILHRNPGRCYQKIPAFYYNQKKKQCEGFTWSGCGGNSNRFKTIEECRRTCIRK	0	0_trypt.FASTA
sp|P00996|ISK1_BOVIN Serine protease inhibitor Kazal-type 1 OS=Bos taurus OX=9913 GN=SPINK1 PE=1 SV=2	MKVASIFLLTALVLMSLSGNSGANILGREAKCTNEVNGCPRIYNPVCGTDGVTYSNECLLCMENKERQTPVLIQKSGPC	0	0_trypt.FASTA
sp|P83578|IKP1_PHYSA Proteinase inhibitor PSKP-1 OS=Phyllomedusa sauvagei OX=8395 PE=1 SV=1	VIEPKCYKYEGKKCPPDINPVCGTDKRTYYNECALCVFIRQSTKKADKAIKIKKWGKC	0	0_trypt.FASTA
sp|P86912|MCPI_NERVS Metallocarboxypeptidase inhibitor OS=Nerita versicolor OX=159942 PE=1 SV=1	FHVPDDRPCINPGRCPLVPDATCTFVCKAADNDFGYECQHVWTFEGQRVGCYA	0	0_trypt.FASTA
sp|P00998|ISK1_PIG Serine protease inhibitor Kazal-type 1 OS=Sus scrofa OX=9823 GN=SPINK1 PE=1 SV=1	TSPQREATCTSEVSGCPKIYNPVCGTDGITYSNECVLCSENKKRQTPVLIQKSGPC	0	0_trypt.FASTA
sp|P01062|IBB_VIGRR Bowman-Birk type trypsin inhibitor OS=Vigna radiata var. radiata OX=3916 PE=1 SV=2	SHDEPSESSEPCCDSCDCTKSIPPECHCANIRLNSCHSACKSCICTRSMPGKCRCLDTDDFCYKPCESMDKD	0	0_trypt.FASTA
sp|Q9PSM2|ISK1_STRCA Pancreatic secretory trypsin inhibitor OS=Struthio camelus OX=8801 GN=SPINK1 PE=1 SV=1	EPDSAADTGTEAACSNYDLKKGCAKIFDPVCGTDNILYSNECLLCFQNLQRKTNVRIKRRGTCQEPSPR	0	0_trypt.FASTA
sp|P26227|HTIB_MANSE Hemolymph trypsin inhibitor B (Fragment) OS=Manduca sexta OX=7130 PE=1 SV=1	EDICSLPPEVGPCRAGFLKFAYYSELNKCKLFTYGGCQGNENNFETLQACXQA	0	0_trypt.FASTA
