DRAMP36580	TCRSSGRYCRSPYDRRRRYCRAITDACV	1	1_synthetic_amps.fasta
DRAMP02014	GLWETIKNFGKKFTLNILHKLKCKIGGGC	1	1_Antimicrobial_amps.fasta
DRAMP35963	FHAVPQSFYT	1	1_synthetic_amps.fasta
DRAMP00878	GVIPCGESCVFIPCISTLLGCSCKNKVCYRN	1	1_Antimicrobial_amps.fasta
DRAMP35965	ANGRGD	1	1_synthetic_amps.fasta
DRAMP36585	TCRSSGRYCRSPYDRRRRYCRRIADACV	1	1_synthetic_amps.fasta
DRAMP02020	FLPLLLAGLPKLLCLFFKKC	1	1_Antimicrobial_amps.fasta
DRAMP01373	GVLGAVKDLLIGAGKSAAQSVLKTLSCKLSNDC	1	1_Antimicrobial_amps.fasta
DRAMP02027	GLFSVVTGVLKAVGKNVAGSLLEQLKCKISGGC	1	1_Antimicrobial_amps.fasta
DRAMP35973	TKEQKEQIAKATGLTTKQVRNWYVQLNASIKVCMCSC	1	1_synthetic_amps.fasta
DRAMP36590	TCASSGAYCASPYDAAAAYCAAITDACV	1	1_synthetic_amps.fasta
DRAMP00189	KGLGKLIGIDWLLGQAKDAVKQYKKDYKRWH	1	1_Antimicrobial_amps.fasta
DRAMP36592	TCASSGAYCASPYDRRRRYCRRITDACV	1	1_synthetic_amps.fasta
DRAMP02080	FVPLLVSKLVCVVTKKC	1	1_Antimicrobial_amps.fasta
DRAMP35978	LLLLLLLLLLLLL	1	1_synthetic_amps.fasta
DRAMP01064	AWKLFDDGV	1	1_Antimicrobial_amps.fasta
DRAMP35980	LLLLLLLLLLLLLLLLLLLLLLLLLLLLLLLLLLLLL	1	1_synthetic_amps.fasta
DRAMP36597	TCRSSGRYCRSPYDARARYCRRITDACV	1	1_synthetic_amps.fasta
DRAMP02089	FLPMLAGLAASMVPKLVCLITKKC	1	1_Antimicrobial_amps.fasta
DRAMP01081	GLKDIFKAGLGSLVKGIAAHVAN	1	1_Antimicrobial_amps.fasta
DRAMP01123	ILGPVISTIGGVLGGLLKNL	1	1_Antimicrobial_amps.fasta
DRAMP35985	LLLLLLLLLLLLLLLLLLLLLLLLLLLLLLLLLLLLLL	1	1_synthetic_amps.fasta
DRAMP36602	TCRSSGRYCRSPYDRRRRYCAAITDACV	1	1_synthetic_amps.fasta
DRAMP00337	AIPCGESCVWIPCISTVIGCSCSNKVCYR	1	1_Antimicrobial_amps.fasta
DRAMP36604	RSPYDRRRRY	1	1_synthetic_amps.fasta
DRAMP02103	FLGSLLGLVGKIVPTLICKISKKC	1	1_Antimicrobial_amps.fasta
DRAMP35992	FV	1	1_synthetic_amps.fasta
DRAMP01098	GIGAAILSAGKSALKGLAKGLAEHF	1	1_Antimicrobial_amps.fasta
DRAMP36004	FLPAIAGLAAKFLPKIFCAITKKC	1	1_synthetic_amps.fasta
DRAMP36609	RSPADRRRRY	1	1_synthetic_amps.fasta
DRAMP18272	MAKEFGIPAAVAGTVINVVVAGGWVTTIVSILTAVGSGGLSLLAAAGRESIKAYLKKEIKKKGKRAVIAW	1	1_Antimicrobial_amps.fasta
DRAMP02090	FLPMLAGLAASMVPKFVCLITKKC	1	1_Antimicrobial_amps.fasta
DRAMP02124	FIGAILPAIAGLVGGLINR	1	1_Antimicrobial_amps.fasta
DRAMP36009	TTKKEELEKKKKT	1	1_synthetic_amps.fasta
DRAMP36614	RSPYDRRARY	1	1_synthetic_amps.fasta
DRAMP00450	QKLCQRPSGTWSGVCGNNNACRNQCINLEKARHGSCNYVFPAHKCICYFPC	1	1_Antimicrobial_amps.fasta
DRAMP36616	RSPYDRRRRA	1	1_synthetic_amps.fasta
DRAMP02139	GWGDTFLKTMAKIAKVGPKLLHS	1	1_Antimicrobial_amps.fasta
DRAMP36027	RAVIYKIPYNAIASRWIIAPKKC	1	1_synthetic_amps.fasta
DRAMP01151	GVGDLIRKAVSVIKNIV	1	1_Antimicrobial_amps.fasta
DRAMP36033	AACARFIDDFCDTLTPNIYRPRDNGQRCYAVNGHRCDFTVFNTNNGGNPIRASTPNCKTVLRTAANRCPTGGRGKINPNAPFLFAIDPNDGDCSTNF	1	1_synthetic_amps.fasta
DRAMP36621	RYCRSPYDRRRRYCRR	1	1_synthetic_amps.fasta
DRAMP18397	FFSALLSGIKSLF	1	1_Antimicrobial_amps.fasta
DRAMP01153	GVIAAAKKVVNVLKNLF	1	1_Antimicrobial_amps.fasta
DRAMP02177	QDKPFWSPPIYPH	1	1_Antimicrobial_amps.fasta
DRAMP36046	CKITRCPMIPCYISSPDECLWMDWVTEKNINGHQAKFFACIKRSDGSC	1	1_synthetic_amps.fasta
DRAMP36626	TARSSGRYCRSPYDRRRRYCRRITDAAV	1	1_synthetic_amps.fasta
DRAMP00089	TTKNYGNGVCNSVNWCQCGNVWASCNLATGCAAWLCKLA	1	1_Antimicrobial_amps.fasta
DRAMP36628	TCRSSGRYARSPYDRRRRYARRITDACV	1	1_synthetic_amps.fasta
DRAMP02185	QEKPYWPPPIYPM	1	1_Antimicrobial_amps.fasta
DRAMP36051	DLWIRETLTSPKSLTG	1	1_synthetic_amps.fasta
DRAMP01177	GVVDILKGAAKDIAGHLASKVMNKL	1	1_Antimicrobial_amps.fasta
DRAMP36053	DSSPVSTEQLAPTA	1	1_synthetic_amps.fasta
DRAMP36633	TSRSSGRYSRSPYDRRRRYARRITDAAV	1	1_synthetic_amps.fasta
DRAMP02190	GIMDTVKGVAKTVAASLLDKLKCKITGC	1	1_Antimicrobial_amps.fasta
DRAMP01184	GVLDILKGAAKDLAGHVATKVI	1	1_Antimicrobial_amps.fasta
DRAMP02192	DDGIEMTEEEVKRGILDLVTHVAKNLAAQLLDKLKCKMTGC	1	1_Antimicrobial_amps.fasta
DRAMP36058	EKSSRPEFYKVILGAHEEYIRG	1	1_synthetic_amps.fasta
DRAMP36638	TCRSSGRYCRSPYDRRRRYCRRITDACV	1	1_synthetic_amps.fasta
DRAMP00177	ENDHRMPNNLNRPNNLSKGGAKCGAAIAGGLFGIPKGPLAWAAGLANVYSKCN	1	1_Antimicrobial_amps.fasta
DRAMP36640	TCRSSGRYCRSPYDRRRRYCRRITDACV	1	1_synthetic_amps.fasta
DRAMP02197	MFTMKKSLLLFFFLGTISLSLCEEERGADEDDGVELTEEEVKRGLLSSFKGVAKGVAKDLAGKLLEKLKCKITGC	1	1_Antimicrobial_amps.fasta
DRAMP36063	GDVIDTDRDIDR	1	1_synthetic_amps.fasta
DRAMP01200	IPWKLPATFRPVERPFSKPFCRKD	1	1_Antimicrobial_amps.fasta
DRAMP36065	GETCFGGTCNTPGCTCDPWPVCTRNGLPVC	1	1_synthetic_amps.fasta
DRAMP36645	TCRSSDRYCRSPYDRRRRYCRRITDACV	1	1_synthetic_amps.fasta
DRAMP02202	MFTLKKSLLLFFFLGTISLSLCEEERGADEDDGVELTEEEVKRGILSTFKGLAKGVAKDLAGKLLDKFKCKITGC	1	1_Antimicrobial_amps.fasta
DRAMP01202	GLLDFAKHVIGIASKLG	1	1_Antimicrobial_amps.fasta
DRAMP02204	MFTLKKSLLLLFFLGTINLSLCEEERDADQEERRDDPGERDVQVEKRFLPIASMLGKYLGK	1	1_Antimicrobial_amps.fasta
