sequence	label
MKFSHFFAAIFLVIAMFATGSRVTARDIKDYVGQQPLLFGRRGLNPNMNSLFFGKRGVIDSGVSLRELKNACAMLMTYGA	0
MGLRAVLMLAVAAALVLGALITADARYLPTRRSQDDRLDRLRELLKDLLESEDHSEYDRRLFYKREMQPPLSIEQLYRQN	0
MSYYSHLSGGLGCGLAVAVTMGRTVAVAEYGRCRHGCHSSYSAR	0
VVGGDECDINEHPFLAFLYSHGYFCGLTLINQEWVLTAAHCDRRFMRIYL	0
QPLRKLCILHRNPGRCYQKIPAFYYNQKKKQCEGFTWSGCGGNSNRFKTIEECRRTCIRK	0
LCGVAVPQPVAESCNEPCVRQCPDSKVVIYPPPVVVTFPGPILSTFPQQSV	0
VIEPKCYKYEGKKCPPDINPVCGTDKRTYYNECALCVFIRQSTKKADKAIKIKKWGKC	0
FHVPDDRPCINPGRCPLVPDATCTFVCKAADNDFGYECQHVWTFEGQRVGCYA	0
MGYGYSCGCGSFHRLGYGCGYEDRRYGCGYRGYADGCCCPSCYRGYRFTSFY	0
SHDEPSESSEPCCDSCDCTKSIPPECHCANIRLNSCHSACKSCICTRSMPGKCRCLDTDDFCYKPCESMDKD	0
EPDSAADTGTEAACSNYDLKKGCAKIFDPVCGTDNILYSNECLLCFQNLQRKTNVRIKRRGTCQEPSPR	0
MSYNYCSGNFSSSSCGGYLRYPGYSCGYSYHSNLHLPAGFLSFSGDLLGHP	0
TCRSSGRYCRSPYDRRRRYCRAITDACV	1
GLWETIKNFGKKFTLNILHKLKCKIGGGC	1
ILSSFPQNTAVGSSTSAAVGSILSCEGVPITSGGLDLSCISNRYCGRRCNPC	0
GVIPCGESCVFIPCISTLLGCSCKNKVCYRN	1
ANGRGD	1
LCGVAVPQPIADSCNEPCVRQCPDSRVVIYPPPVVVTIPGPILSTYPQQSV	0
CQPCGPTPLANSCNEPCTLQCQDSRVVIQPSPVVVTLPGPILSSF	0
GVLGAVKDLLIGAGKSAAQSVLKTLSCKLSNDC	1
GLFSVVTGVLKAVGKNVAGSLLEQLKCKISGGC	1
LCGVATPQPIADSCNEPCVRQCPDSQVVIYPPPVVVTFPGPILSTFPQQSV	0
TCASSGAYCASPYDAAAAYCAAITDACV	1
KGLGKLIGIDWLLGQAKDAVKQYKKDYKRWH	1
MGYGYSCGCGSFHRLGYGCGYEDRRYGCGYRGYADGCCCPSCYRGYRFTSFY	0
YETELGLRQLVESDINGLRRILDELTLCKSDLEAQVESLKEELICLKSNHEE	0
LLLLLLLLLLLLL	1
AWKLFDDGV	1
MSYNCCSGNFSSRSFGGYLRYPASSCGFSYPSNLHLPAGFLSLQGLSGDLLG	0
TCRSSGRYCRSPYDARARYCRRITDACV	1
FLPMLAGLAASMVPKLVCLITKKC	1
DRTPALRLRF	0
LCGVAVPQPIADSCNEPCVRQCPDSRVVIYPPPVVVTIPGPILSTYPQQSV	0
LLLLLLLLLLLLLLLLLLLLLLLLLLLLLLLLLLLLLL	1
TCRSSGRYCRSPYDRRRRYCAAITDACV	1
RKKSEKKVTRMVSIVVAVFIFCWLPFYIFNVSSVSVAISPTPALKGMFDFVVVLTYANSCANPILYAFLS	0
RSPYDRRRRY	1
FLGSLLGLVGKIVPTLICKISKKC	1
MSMQMRVVVAVAVVVVVLALLSSPVSAGYRKPPFNGSIFGKRSGSDAVYEPGKSQALASVCQVALEACTLWFPGAEKK	0
ILSSFPQNTAVGSSTSAAVGSILSCEGVPITSGGLDLSCISNRYCGRRCNPC	0
FLPAIAGLAAKFLPKIFCAITKKC	1
RSPADRRRRY	1
MRSATMLALLVAVIMSAAISEAQELKYPEREVVAELAAQILRVVHGPWSTVVPGPHKRNSELINSILGLPKVMNDAGRR	0
FLPMLAGLAASMVPKFVCLITKKC	1
FIGAILPAIAGLVGGLINR	1
YEDEINKRTTAENEFVMLKKDVDAAYMNKVELEAKVDALMDEINFMKMFFDA	0
SHESYWDQQDDIDRDEFLEILSRLSRFNRPEMEVRSTKRGLDLGLNRGYSGSQAAKHMMGLAAANYAGGPGRRRRSEQA	0
QKLCQRPSGTWSGVCGNNNACRNQCINLEKARHGSCNYVFPAHKCICYFPC	1
RSPYDRRRRA	1
MKVAIIFLLSALALLSLAGNPPAEVNGKTPNCPKQIMGCPRIYDPVCGTNGITYPSECSLCFENRKFGTSIHIQRRGTC	0
RAVIYKIPYNAIASRWIIAPKKC	1
HESYWDQQDDIDRDEFLEILSRLSRTVMSHPEMESTKRGLDLGLSRGFSGSQSAKHMMGLAAANYAGGPGRRRRSEQA	0
AACARFIDDFCDTLTPNIYRPRDNGQRCYAVNGHRCDFTVFNTNNGGNPIRASTPNCKTVLRTAANRCPTGGRGKINPNAPFLFAIDPNDGDCSTNF	1
VAKCSTSECGHACQQAGCRNSGCRYGSCICVGC	0
FFSALLSGIKSLF	1
GVIAAAKKVVNVLKNLF	1
MNTIQVILFAVVLVLTVTVGQADEDSAETSLLRKLEEAEASMFGQYLEESKNSREKRCAVENVPCDKDRPGCCREYECLKPTGYGWWYGSYYCYKKKERLIST	0
KEGYLVDYHTGCKYTCAKLGDNDYCVRECRLRYYQSAHGYCYAFACWCTHLYEQAVVWPLPNKRCKGK	0
TARSSGRYCRSPYDRRRRYCRRITDAAV	1
TTKNYGNGVCNSVNWCQCGNVWASCNLATGCAAWLCKLA	1
CGPTPLANSCNEPCVRQCQDSTVVIQPSPVVVTLPGPILSSFPQNTPVGSS	0
QEKPYWPPPIYPM	1
MKVASIFLLTALVLMSLSGNSGANILGREAKCTNEVNGCPRIYNPVCGTDGVTYSNECLLCMENKERQTPVLIQKSGPC	0
GVVDILKGAAKDIAGHLASKVMNKL	1
TCRSSGRYCRSPYDRRRRYCRRIADACV	1
TSRSSGRYSRSPYDRRRRYARRITDAAV	1
GIMDTVKGVAKTVAASLLDKLKCKITGC	1
MKTLLLTLLVVTIVCLDLAHTRICYSHKLLQAKTTKTCEENSCYKRSLPKIPLIIIGRGCGCPLTLPFLRIKCCTSDKCN	0
TKEQKEQIAKATGLTTKQVRNWYVQLNASIKVCMCSC	1
EKSSRPEFYKVILGAHEEYIRG	1
TCRSSGRYCRSPYDRRRRYCRRITDACV	1
FHAVPQSFYT	1
FVPLLVSKLVCVVTKKC	1
MFTMKKSLLLFFFLGTISLSLCEEERGADEDDGVELTEEEVKRGLLSSFKGVAKGVAKDLAGKLLEKLKCKITGC	1
GDVIDTDRDIDR	1
FLPLLLAGLPKLLCLFFKKC	1
CGPTPLANSCNEPCVRQCQDSTVVIQPSPVVVTLPGPILSSFPQNTPVGSS	0
TCRSSDRYCRSPYDRRRRYCRRITDACV	1
MFTLKKSLLLFFFLGTISLSLCEEERGADEDDGVELTEEEVKRGILSTFKGLAKGVAKDLAGKLLDKFKCKITGC	1
MSYYGSYYGGLGYGYGCGCGFRRLGYGCGYGGYGYGCYRPSCYGGYWSSGFY	0
MSYNYCSGNFSSSSCGGYLRYPGYSCGYSYHSNLHLPAGFLSFSGDLLGHP	0
TCASSGAYCASPYDRRRRYCRRITDACV	1
MNSLLIITACFALVGTVWAKEGYLVKKSDGCKYDCFWLGKNEHCDTECKAKNQGGSYGYCYAFACWCEGLPESTPTYPLPNKSCGKK	0
GLKDIFKAGLGSLVKGIAAHVAN	1
MSYYGSYYGGLGYGYGCGCGFRRLGYGCGYGGYGYGCYRPSCYGGYWSSGFY	0
ILGPVISTIGGVLGGLLKNL	1
LCGVAVPQPVAESCNEPCVRQCPDSKVVIYPPPVVVTFPGPILSTFPQQSV	0
MCYGYSCGCGSFCRLGYGCGYEGCRYGCGHRGYGDGCCCPSCYRRYRFTGFY	0
MSYYGNYYGGLGYGYDCKYSYTSGFGAFRILDCGYRCGCGGVWI	0
YETELGLRQLVESDINGLRRILDELTLCKSDLEAQVESLKEELICLKSNHEE	0
MKFLYGIVFIALFLTVMFATQTDGCGPCFTTDANMARKCRECCGGIGKCFGPQCLCNRI	0
LLLLLLLLLLLLLLLLLLLLLLLLLLLLLLLLLLLLL	1
TTKKEELEKKKKT	1
MNTTQVILFAVVLVLTVTVGQADEDSAETSLLRKLEEAEASMFGQYLEESKNSPEQRCAGENVPCDKDRPGDCCSRYECLKPTGYGWWYASYYCYKKKSG	0
FV	1
APSMGFMGMR	0
RYCRSPYDRRRRYCRR	1
IPWKLPATFRPVERPFSKPFCRKD	1
GLLDFAKHVIGIASKLG	1
TCRSSGRYARSPYDRRRRYARRITDACV	1
MHMFWCYPVTPSKVSGKSDYFLILLNSCPTRMDRREGLDFLKPIFEKTFMKRSFRNGVGTGMKKTSFR	0
GVGDLIRKAVSVIKNIV	1
MKSSWLLFVATAMLVLVNQTVQATRISPEEEAAIEEMYDFDGSEAPFYIDRRGFLTSSRLGRRKKGFLTAGRLGR	0
MSYYGNYYGGLGYGYDCKYSYTSGFGAFRILDCGYRCGCGGVWI	0
SHESYWDQQDDIDRDEFLELLSRLSRTVMNRPEMENSKRGLDLGLSRGFSGSQAAKHLMGLAAANYAGGPGRRRRSEQA	0
MSYNCCSGNFSSRSFGGYLRYPASSCGFSYPSNLHLPAGFLSLQGLSGDLLG	0
GWGDTFLKTMAKIAKVGPKLLHS	1
GETCFGGTCNTPGCTCDPWPVCTRNGLPVC	1
DSSPVSTEQLAPTA	1
DLWIRETLTSPKSLTG	1
MRGVVVVVVLVMVGMLSILTQAEGLKSQEREVVAELAAYILRVVHGPLNLYADLPSKRNSEILNTLLGSPTLMSEVGKR	0
CKITRCPMIPCYISSPDECLWMDWVTEKNINGHQAKFFACIKRSDGSC	1
MHSSVMVVVLMMLVMATVFTQAQDLKYPERQVVTELAAQIMRVAQGPWSTSLDLPTKRNSGLINSLLGIPKVMNDAGRR	0
GIGAAILSAGKSALKGLAKGLAEHF	1
MNVSTIFQAFLFILTVLLVNTTVEQEYEELYPYVDVPSDFIKRSDWFSEGRTFKGLRGLRGKRMPYMNLKGLRGKRTV	0
DDGIEMTEEEVKRGILDLVTHVAKNLAAQLLDKLKCKMTGC	1
MASKLLLAGLLLLVVALAVVEGNNIGVCIRNCAQCKKMFGAYFEGQLCADACVKFKGKLLPDCEDVASIAPFLNKLE	0
CQPCGPTPLANSCNEPCTLQCQDSRVVIQPSPVVVTLPGPILSSF	0
GFGCYRSCWKAGHDEETCKKECS	0
ENDHRMPNNLNRPNNLSKGGAKCGAAIAGGLFGIPKGPLAWAAGLANVYSKCN	1
MCYGYSCGCGSFCRLGYGCGYEGCRYGCGHRGYGDGCCCPSCYRRYRFTGFY	0
EDICSLPPEVGPCRAGFLKFAYYSELNKCKLFTYGGCQGNENNFETLQACXQA	0
KDGYPMNSEGCKISCVIGNTFCDTECKMLKASSGYCWTLGLACYCEGLPENVEVWDKATNKCG	0
MKVLIISAVLFITIFSNISAEIEDDFLEDESFEAEDIIPFFENEQARSCIPKHEECTNDKHNCCRKGLFKLKCQCSTFDDESGQPTERCACGRPMGHQAIETGLNIFRGLFKGKKKNKKTKG	0
YEDEINKRTTAENEFVMLKKDVDAAYMNKVELEAKVDALMDEINFMKMFFDA	0
TCRSSGRYCRSPYDRRRRYCRRITDACV	1
RSPYDRRARY	1
MIQVLLVTICLAVFPYQGSSIILESGNVDDYEVVYPRKVTALPKGAVQPKYEDAMQYEFKVNGEAVVLHLEKNKGLFSEDYSETHYSPDGREITTYPSVEDHCYYHGRIHNDADSTASISACDGLKGYFKLQGETYLIEPLELSDSEAHAVFKYENVEKEDEAPKMCGVTQNWESDESIKKASQLYLTPEQQRFPQRYIKLAIVVDHGMYTKYSSNFKKIRKRVHQMVSNINEMCRPLNIAITLALLDVWSEKDFITVQADAPTTAGLFGDWRERVLLKKKNHDHAQLLTDTNFARNTIGWAYLGRMCDEKYSVGVVQDHSSKVFMVAVTMTHELGHNLGMEHDDKDKCKCEACIMSAVISDKQSKLFSDCSKDYYQTFLTNDNPQCILNAPLRTDTVSTPVSGNEFLEAGEECDCGSPENPCCDAATCKLRPGAQCADGLCCDQCRFIEEGIICRRARGDDLDDYCNGISGDCPRNPFHA	0
MSYYSHLSGGLGCGLAVAVTMGRTVAVAEYGRCRHGCHSSYSAR	0
MAKEFGIPAAVAGTVINVVVAGGWVTTIVSILTAVGSGGLSLLAAAGRESIKAYLKKEIKKKGKRAVIAW	1
AIPCGESCVWIPCISTVIGCSCSNKVCYR	1
GVLDILKGAAKDLAGHVATKVI	1
QDKPFWSPPIYPH	1
TSPQREATCTSEVSGCPKIYNPVCGTDGITYSNECVLCSENKKRQTPVLIQKSGPC	0
LCGVATPQPIADSCNEPCVRQCPDSQVVIYPPPVVVTFPGPILSTFPQQSV	0
MFTLKKSLLLLFFLGTINLSLCEEERDADQEERRDDPGERDVQVEKRFLPIASMLGKYLGK	1
RKLLPQISAFSNPFYLNCQLYGKSDYCLVLLNNCLAKVGRREEAAALKPYLEMPFNKRSFRNGVGSGIKKTSSRRAKS	0
MTILRGWRYGLFVGGLVGFISAALYPIVIYPMMNVDNYKNIQAVTRKGINQEDVQPGNMKVWSDPFGRKS	0
